locode,name,country
AEJEA,Jebel Ali,AE
AUMEL,Melbourne,AU
BEANR,Antwerp,BE
BRSSZ,Santos,BR
CNNGB,Ningbo,CN
CNSHA,Shanghai,CN
CNSZX,Shenzhen,CN
CNTAO,Qingdao,CN
DEHAM,Hamburg,DE
DEBRV,Bremerhaven,DE
ESALG,Algeciras,ES
ESVLC,Valencia,ES
FRLEH,Le Havre,FR
GBFXT,Felixstowe,GB
GBSOU,Southampton,GB
HKHKG,Hong Kong,HK
INMUN,Mundra,IN
INNSA,Nhava Sheva,IN
INMAA,Chennai,IN
ITGOA,Genoa,IT
JPTYO,Tokyo,JP
JPYOK,Yokohama,JP
KRPUS,Busan,KR
LKCMB,Colombo,LK
MYPKG,Port Klang,MY
NLRTM,Rotterdam,NL
SAJED,Jeddah,SA
SGSIN,Singapore,SG
THLCH,Laem Chabang,TH
TWKHH,Kaohsiung,TW
USLAX,Los Angeles,US
USLGB,Long Beach,US
USNYC,New York,US
USSAV,Savannah,US
USHOU,Houston,US
VNSGN,Ho Chi Minh City,VN
ZADUR,Durban,ZA
